,Year,Portfolio Value,Yearly Return
0,2018,100000.0,
1,2019,99574.29,-0.004257100000000014
2,2020,103167.58,0.036086523941069704
3,2021,104682.20999999999,0.014681259364618171
4,2022,108327.45,0.03482196258561987
5,2023,110415.64,0.019276646870207026
6,2024,110380.2,-0.00032096902214218126
