,Year,Portfolio Value,Yearly Return
0,2018,100000.0,
1,2019,114294.42999999998,0.1429442999999997
2,2020,125411.04000000001,0.09726291998656489
3,2021,125340.77999999997,-0.000560237758972737
4,2022,148127.51999999996,0.18179829421837002
5,2023,159128.22999999998,0.07426513317714378
6,2024,154783.68999999997,-0.02730213237462653
